Table,Column,SQLType,Required,Purpose,SourceAuthority,PowerBI,Tableau,Alteryx
Run_Context,RunKey,uniqueidentifier,Yes,"Existing UUID for one immutable delivery. It links rows to Run_Context and never identifies an enduring workspace, asset, connection, or user.",Delivery manifest,Required. Source: Existing delivery manifest. Value: Repeat the same delivery UUID on its dataset rows. A retry uses this UUID only for identical immutable input. A later delivery uses a new UUID. Null: Reject or quarantine a nonblank row if missing. Never substitute a display name.,Required. Source: Existing delivery manifest. Value: Repeat the same delivery UUID on its dataset rows. A retry uses this UUID only for identical immutable input. A later delivery uses a new UUID. Null: Reject or quarantine a nonblank row if missing. Never substitute a display name.,Required. Source: Existing delivery manifest. Value: Repeat the same delivery UUID on its dataset rows. A retry uses this UUID only for identical immutable input. A later delivery uses a new UUID. Null: Reject or quarantine a nonblank row if missing. Never substitute a display name.
Run_Context,PlatformCode,nvarchar(30),Yes,"Source provider for this delivery. PowerBI, Tableau, and Alteryx identify platforms. Directory is reserved for the companion directory extract.",Delivery manifest,Required. Source: Delivery manifest. Value: Use PowerBI. Directory-only runs use reserved source code Directory; Directory is not a registry platform. Null: Reject or quarantine a nonblank row if missing. Never substitute a display name.,Required. Source: Delivery manifest. Value: Use Tableau. Directory-only runs use reserved source code Directory; Directory is not a registry platform. Null: Reject or quarantine a nonblank row if missing. Never substitute a display name.,Required. Source: Delivery manifest. Value: Use Alteryx. Directory-only runs use reserved source code Directory; Directory is not a registry platform. Null: Reject or quarantine a nonblank row if missing. Never substitute a display name.
Run_Context,PlatformInstanceKey,nvarchar(200),Yes,"Stable instance key: Power BI tenant, Tableau server/site, or Alteryx server. Resolve through the configured lookup; never use a mutable name.",Delivery manifest,Required. Source: Configured platform inventory. Value: Stable tenant/server identity. Names and product versions never form this key. Null: Reject or quarantine a nonblank row if missing. Never substitute a display name.,Required. Source: Configured platform inventory. Value: Stable tenant/server identity. Names and product versions never form this key. Null: Reject or quarantine a nonblank row if missing. Never substitute a display name.,Required. Source: Configured platform inventory. Value: Stable tenant/server identity. Names and product versions never form this key. Null: Reject or quarantine a nonblank row if missing. Never substitute a display name.
Run_Context,NativeScopeKey,nvarchar(200),Yes,"Source ID namespace: Power BI tenant ID, Tableau site LUID, or configured Alteryx server scope. Keep the extractor's original value.",Delivery manifest,"Required. Source: Configured source namespace. Value: Use Power BI tenant, Tableau site LUID, or configured Alteryx server scope. Do not use a movable workspace ID. Null: Reject or quarantine a nonblank row if missing. Never substitute a display name.","Required. Source: Configured source namespace. Value: Use Power BI tenant, Tableau site LUID, or configured Alteryx server scope. Do not use a movable workspace ID. Null: Reject or quarantine a nonblank row if missing. Never substitute a display name.","Required. Source: Configured source namespace. Value: Use Power BI tenant, Tableau site LUID, or configured Alteryx server scope. Do not use a movable workspace ID. Null: Reject or quarantine a nonblank row if missing. Never substitute a display name."
Run_Context,ObservedAt,datetimeoffset(7),Yes,"UTC collection evidence time. Preserve it directly in each V1 staging row, including platform users and object-role links, and retain the run context.",Delivery manifest,Required. Source: Platform team extraction manifest. Value: Actual evidence capture time in ISO 8601 with UTC offset. Do not substitute SQL load time or month label. Null: Reject or quarantine a nonblank row if missing. Never substitute a display name.,Required. Source: Platform team extraction manifest. Value: Actual evidence capture time in ISO 8601 with UTC offset. Do not substitute SQL load time or month label. Null: Reject or quarantine a nonblank row if missing. Never substitute a display name.,Required. Source: Platform team extraction manifest. Value: Actual evidence capture time in ISO 8601 with UTC offset. Do not substitute SQL load time or month label. Null: Reject or quarantine a nonblank row if missing. Never substitute a display name.
Run_Context,DirectoryTenantKey,nvarchar(200),Conditional,Configured corporate directory tenant used for the email match.,Delivery manifest,"Conditional. Source: Configured corporate directory tenant. Value: Required for Directory runs. For platform runs, supply the authorized directory tenant for email matching. Missing tenant routes identities to Platform Manager. Null: NULL when absent from this export. NULL means unknown, not false or not applicable.","Conditional. Source: Configured corporate directory tenant. Value: Required for Directory runs. For platform runs, supply the authorized directory tenant for email matching. Missing tenant routes identities to Platform Manager. Null: NULL when absent from this export. NULL means unknown, not false or not applicable.","Conditional. Source: Configured corporate directory tenant. Value: Required for Directory runs. For platform runs, supply the authorized directory tenant for email matching. Missing tenant routes identities to Platform Manager. Null: NULL when absent from this export. NULL means unknown, not false or not applicable."
Run_Context,MappingVersion,nvarchar(30),Yes,Version of the input contract and mapping rules. V1.1 uses 1.1; record the query file revision with the source evidence.,Delivery manifest,Required. Source: This delivery contract. Value: Use 1.1. Store query revision with the retained source file. Null: Reject or quarantine a nonblank row if missing. Never substitute a display name.,Required. Source: This delivery contract. Value: Use 1.1. Store query revision with the retained source file. Null: Reject or quarantine a nonblank row if missing. Never substitute a display name.,Required. Source: This delivery contract. Value: Use 1.1. Store query revision with the retained source file. Null: Reject or quarantine a nonblank row if missing. Never substitute a display name.
Run_Context,ScopeDescription,nvarchar(1000),Yes,"Explicit collection boundary and exclusions. Completeness cannot be inferred from a row count, filename, or calendar month.",Delivery manifest,"Required. Source: Platform manager. Value: State exact inventory boundary, exclusions, and collection conditions. Completeness applies only to this boundary. Null: Reject or quarantine a nonblank row if missing. Never substitute a display name.","Required. Source: Platform manager. Value: State exact inventory boundary, exclusions, and collection conditions. Completeness applies only to this boundary. Null: Reject or quarantine a nonblank row if missing. Never substitute a display name.","Required. Source: Platform manager. Value: State exact inventory boundary, exclusions, and collection conditions. Completeness applies only to this boundary. Null: Reject or quarantine a nonblank row if missing. Never substitute a display name."
Coverage,RunKey,uniqueidentifier,Yes,"Existing UUID for one immutable delivery. It links rows to Run_Context and never identifies an enduring workspace, asset, connection, or user.",Delivery manifest,Required. Source: Existing delivery manifest. Value: Repeat the same delivery UUID on its dataset rows. A retry uses this UUID only for identical immutable input. A later delivery uses a new UUID. Null: Reject or quarantine a nonblank row if missing. Never substitute a display name.,Required. Source: Existing delivery manifest. Value: Repeat the same delivery UUID on its dataset rows. A retry uses this UUID only for identical immutable input. A later delivery uses a new UUID. Null: Reject or quarantine a nonblank row if missing. Never substitute a display name.,Required. Source: Existing delivery manifest. Value: Repeat the same delivery UUID on its dataset rows. A retry uses this UUID only for identical immutable input. A later delivery uses a new UUID. Null: Reject or quarantine a nonblank row if missing. Never substitute a display name.
Coverage,DatasetCode,nvarchar(40),Yes,Exact dataset sheet name whose coverage is declared.,Delivery manifest,Required. Source: Dataset name. Value: One of the nine data sheet names. Require a coverage record even when no data was supplied. Null: Reject or quarantine a nonblank row if missing. Never substitute a display name.,Required. Source: Dataset name. Value: One of the nine data sheet names. Require a coverage record even when no data was supplied. Null: Reject or quarantine a nonblank row if missing. Never substitute a display name.,Required. Source: Dataset name. Value: One of the nine data sheet names. Require a coverage record even when no data was supplied. Null: Reject or quarantine a nonblank row if missing. Never substitute a display name.
Coverage,CoverageStatus,nvarchar(20),Yes,"Complete, Partial, NotCollected, or Failed for this dataset and run. Only Complete with verified count and scope supports absence comparisons.",Delivery manifest,"Required. Source: Platform manager and export evidence. Value: Complete, Partial, NotCollected, or Failed. Complete requires an independently verified scope and count. Null: Reject or quarantine a nonblank row if missing. Never substitute a display name.","Required. Source: Platform manager and export evidence. Value: Complete, Partial, NotCollected, or Failed. Complete requires an independently verified scope and count. Null: Reject or quarantine a nonblank row if missing. Never substitute a display name.","Required. Source: Platform manager and export evidence. Value: Complete, Partial, NotCollected, or Failed. Complete requires an independently verified scope and count. Null: Reject or quarantine a nonblank row if missing. Never substitute a display name."
Coverage,RowCount,bigint,Conditional,"Number of delivered data rows, excluding header and fully blank template rows. Complete requires a count; zero is valid only for a verified empty collection.",Delivery manifest,"Conditional. Source: Count from the completed export. Value: Nonnegative delivered row count. Complete requires an exact count, including a legitimate zero. Failed/NotCollected use NULL. Null: NULL when absent from this export. NULL means unknown, not false or not applicable.","Conditional. Source: Count from the completed export. Value: Nonnegative delivered row count. Complete requires an exact count, including a legitimate zero. Failed/NotCollected use NULL. Null: NULL when absent from this export. NULL means unknown, not false or not applicable.","Conditional. Source: Count from the completed export. Value: Nonnegative delivered row count. Complete requires an exact count, including a legitimate zero. Failed/NotCollected use NULL. Null: NULL when absent from this export. NULL means unknown, not false or not applicable."
Workspaces,RunKey,uniqueidentifier,Yes,"Existing UUID for one immutable delivery. It links rows to Run_Context and never identifies an enduring workspace, asset, connection, or user.",Delivery manifest,Required. Source: Existing delivery manifest. Value: Repeat the same delivery UUID on its dataset rows. A retry uses this UUID only for identical immutable input. A later delivery uses a new UUID. Null: Reject or quarantine a nonblank row if missing. Never substitute a display name.,Required. Source: Existing delivery manifest. Value: Repeat the same delivery UUID on its dataset rows. A retry uses this UUID only for identical immutable input. A later delivery uses a new UUID. Null: Reject or quarantine a nonblank row if missing. Never substitute a display name.,Required. Source: Existing delivery manifest. Value: Repeat the same delivery UUID on its dataset rows. A retry uses this UUID only for identical immutable input. A later delivery uses a new UUID. Null: Reject or quarantine a nonblank row if missing. Never substitute a display name.
Workspaces,NativeWorkspaceID,nvarchar(200),Yes,"Power BI workspace GUID, Tableau project LUID, or Alteryx CollectionId. Resolve with platform, instance, scope, and type.",Platform observation,Required. Source: workspaces[].id. Value: Preserve exact source text. Scope comes from Run_Context. Null: Reject or quarantine a nonblank row if missing. Never substitute a display name.,Required. Source: public.projects.luid. Value: Preserve exact source text. Scope comes from Run_Context. Null: Reject or quarantine a nonblank row if missing. Never substitute a display name.,Required. Source: AlteryxGallery.collections.CollectionId. Value: Preserve exact source text. Scope comes from Run_Context. Null: Reject or quarantine a nonblank row if missing. Never substitute a display name.
Workspaces,NativeWorkspaceType,nvarchar(50),Yes,"Workspace, PersonalGroup, Project, or Collection in these extracts. Keep the native type as part of the scoped object identity.",Platform observation,"Required. Source: Source entity kind. Value: Use workspaces[].type, commonly Workspace or PersonalGroup. Null: Reject or quarantine a nonblank row if missing. Never substitute a display name.",Required. Source: Source entity kind. Value: Literal Project. Null: Reject or quarantine a nonblank row if missing. Never substitute a display name.,Required. Source: Source entity kind. Value: Literal Collection. Null: Reject or quarantine a nonblank row if missing. Never substitute a display name.
Workspaces,DisplayName,nvarchar(200),Yes,Current technical label. Maps to ObservedWorkspace.DisplayName. Does not overwrite the declared business name.,Platform observation,Required. Source: workspaces[].name. Value: Current technical name only. A rename updates this attribute without changing registry identity. Null: Reject or quarantine a nonblank row if missing. Never substitute a display name.,Required. Source: public.projects.name. Value: Current technical name only. A rename updates this attribute without changing registry identity. Null: Reject or quarantine a nonblank row if missing. Never substitute a display name.,Required. Source: AlteryxGallery.collections.Name. Value: Current technical name only. A rename updates this attribute without changing registry identity. Null: Reject or quarantine a nonblank row if missing. Never substitute a display name.
Workspaces,NativeLifecycleCode,nvarchar(40),No,"Native state, such as active or archived. Maps to ObservedWorkspace.NativeLifecycleCode. Keep the native vocabulary.",Platform observation,"Conditional. Source: workspaces[].state. Value: Preserve the native state; never infer account status. Null: NULL when absent from this export. NULL means unknown, not false or not applicable.","Conditional. Source: public.projects.state. Value: Preserve native state as observed. It does not establish business retirement. Null: NULL when absent from this export. NULL means unknown, not false or not applicable.",Leave NULL. Source: Not supplied by the baseline workspace query. Value: No authoritative lifecycle field is projected. Null: Always NULL in this profile; existence is not an explicit active status.
Assets,RunKey,uniqueidentifier,Yes,"Existing UUID for one immutable delivery. It links rows to Run_Context and never identifies an enduring workspace, asset, connection, or user.",Delivery manifest,Required. Source: Existing delivery manifest. Value: Repeat the same delivery UUID on its dataset rows. A retry uses this UUID only for identical immutable input. A later delivery uses a new UUID. Null: Reject or quarantine a nonblank row if missing. Never substitute a display name.,Required. Source: Existing delivery manifest. Value: Repeat the same delivery UUID on its dataset rows. A retry uses this UUID only for identical immutable input. A later delivery uses a new UUID. Null: Reject or quarantine a nonblank row if missing. Never substitute a display name.,Required. Source: Existing delivery manifest. Value: Repeat the same delivery UUID on its dataset rows. A retry uses this UUID only for identical immutable input. A later delivery uses a new UUID. Null: Reject or quarantine a nonblank row if missing. Never substitute a display name.
Assets,NativeAssetID,nvarchar(200),Yes,"Power BI report/model ID, Tableau workbook/published-source LUID, or Alteryx appInfos._id. Resolve with platform, instance, scope, and type.",Platform observation,Required. Source: workspaces[].reports[].id or datasets[].id. Value: Preserve exact ID. Mongo Extended JSON $oid is decoded to its exact text; do not use filename or revision ID. Null: Reject or quarantine a nonblank row if missing. Never substitute a display name.,Required. Source: public.workbooks.luid or public.datasources.luid. Value: Preserve exact ID. Mongo Extended JSON $oid is decoded to its exact text; do not use filename or revision ID. Null: Reject or quarantine a nonblank row if missing. Never substitute a display name.,Required. Source: AlteryxGallery.appInfos._id. Value: Preserve exact ID. Mongo Extended JSON $oid is decoded to its exact text; do not use filename or revision ID. Null: Reject or quarantine a nonblank row if missing. Never substitute a display name.
Assets,NativeAssetType,nvarchar(50),Yes,"Native type: Report, Dataset, Workbook, PublishedDatasource, or Workflow. Part of the object identity key.",Platform observation,"Required. Source: Source object namespace. Value: Report or Dataset, matching the source array. Null: Reject or quarantine a nonblank row if missing. Never substitute a display name.",Required. Source: Source object namespace. Value: Workbook or PublishedDatasource. Include datasources only where parent_workbook_id IS NULL; embedded sources are not published assets. Null: Reject or quarantine a nonblank row if missing. Never substitute a display name.,"Required. Source: Source object namespace. Value: Workflow namespace for appInfos identity, including analytic apps and macros. PackageType is an optional classification, not the durable key. Null: Reject or quarantine a nonblank row if missing. Never substitute a display name."
Assets,DisplayName,nvarchar(200),Yes,Current source label. Maps to ObservedAsset.DisplayName; not an identity key.,Platform observation,"Required. Source: reports[].name or datasets[].name. Value: If ambiguous or absent, retain raw evidence and route to Platform Manager. Never invent a name to pass validation. Null: Reject or quarantine a nonblank row if missing. Never substitute a display name.","Required. Source: workbooks.name or datasources.name. Value: If ambiguous or absent, retain raw evidence and route to Platform Manager. Never invent a name to pass validation. Null: Reject or quarantine a nonblank row if missing. Never substitute a display name.","Required. Source: One published Revisions entry, then one primary Applications entry: MetaInfo.Name. Value: If ambiguous or absent, retain raw evidence and route to Platform Manager. Never invent a name to pass validation. Null: Reject or quarantine a nonblank row if missing. Never substitute a display name."
Assets,NativeVersionReference,nvarchar(100),No,Tableau revision or Alteryx published RevisionId when resolved. Power BI leaves it blank. This evidence does not create a business AssetVersion.,Platform observation,Leave NULL. Source: No native revision in the baseline scan fields. Value: Do not synthesize a version from modified time. Null: Always NULL for baseline scan projection.,"Conditional. Source: public.workbooks.revision or public.datasources.revision. Value: Preserve native revision text. A business release reference is a separate declaration. Null: NULL when absent from this export. NULL means unknown, not false or not applicable.","Conditional. Source: AlteryxGallery.appInfos.Revisions[].RevisionId where IsPublishedRevision=true. Value: Exactly one published revision required. Multiple or no candidates route to Platform Manager; never choose max revision silently. Null: NULL when absent from this export. NULL means unknown, not false or not applicable."
Assets,NativeLifecycleCode,nvarchar(40),No,Native lifecycle state. Maps to proposed ObservedAsset.NativeLifecycleCode. Missing Power BI report state remains null.,Platform observation,Leave NULL. Source: Not projected by baseline inventory. Value: Inventory presence is recorded by the observation itself. Null: Always NULL unless an authoritative lifecycle field is separately approved.,"Conditional. Source: public.workbooks.state or public.datasources.state. Value: Preserve native state. Inventory state is not an approved business lifecycle decision. Null: NULL when absent from this export. NULL means unknown, not false or not applicable.","Conditional. Source: AlteryxGallery.appInfos.IsDeleted. Value: Explicit true maps to Deleted, false maps to Present. Missing stays NULL. Neither value proves business retirement. Null: NULL when absent from this export. NULL means unknown, not false or not applicable."
Workspace_Assets,RunKey,uniqueidentifier,Yes,"Existing UUID for one immutable delivery. It links rows to Run_Context and never identifies an enduring workspace, asset, connection, or user.",Delivery manifest,Required. Source: Existing delivery manifest. Value: Repeat the same delivery UUID on its dataset rows. A retry uses this UUID only for identical immutable input. A later delivery uses a new UUID. Null: Reject or quarantine a nonblank row if missing. Never substitute a display name.,Required. Source: Existing delivery manifest. Value: Repeat the same delivery UUID on its dataset rows. A retry uses this UUID only for identical immutable input. A later delivery uses a new UUID. Null: Reject or quarantine a nonblank row if missing. Never substitute a display name.,Required. Source: Existing delivery manifest. Value: Repeat the same delivery UUID on its dataset rows. A retry uses this UUID only for identical immutable input. A later delivery uses a new UUID. Null: Reject or quarantine a nonblank row if missing. Never substitute a display name.
Workspace_Assets,NativeWorkspaceID,nvarchar(200),Yes,Resolve the source workspace within this instance and scope. Maps to ObservedWorkspaceAsset.WorkspaceID.,Platform observation,Required. Source: Parent workspaces[].id. Value: Resolve exact ID in this delivery scope. Null: Reject or quarantine a nonblank row if missing. Never substitute a display name.,"Required. Source: projects.luid via projects_contents.site_id, content_id, content_type and project_id; verify content_type tokens. Value: Resolve exact ID in this delivery scope. Null: Reject or quarantine a nonblank row if missing. Never substitute a display name.",Required. Source: AlteryxGallery.collections.CollectionId. Value: Resolve exact ID in this delivery scope. Null: Reject or quarantine a nonblank row if missing. Never substitute a display name.
Workspace_Assets,NativeAssetID,nvarchar(200),Yes,Resolve the member asset using its native type. Maps to ObservedWorkspaceAsset.AssetID.,Platform observation,Required. Source: Nested reports[].id / datasets[].id. Value: Preserve unmatched IDs as unresolved relationships. Null: Reject or quarantine a nonblank row if missing. Never substitute a display name.,Required. Source: workbooks.luid / published datasources.luid. Value: Preserve unmatched IDs as unresolved relationships. Null: Reject or quarantine a nonblank row if missing. Never substitute a display name.,Required. Source: AlteryxGallery.collections.Apps[].ApplicationId. Value: Preserve unmatched IDs as unresolved relationships. Null: Reject or quarantine a nonblank row if missing. Never substitute a display name.
Workspace_Assets,NativeAssetType,nvarchar(50),Yes,Disambiguates equal ID text across object classes. Part of the asset resolution key.,Platform observation,Required. Source: Source branch. Value: Report / Dataset Null: Reject or quarantine a nonblank row if missing. Never substitute a display name.,Required. Source: Source branch. Value: Workbook / PublishedDatasource Null: Reject or quarantine a nonblank row if missing. Never substitute a display name.,Required. Source: Source branch. Value: Workflow Null: Reject or quarantine a nonblank row if missing. Never substitute a display name.
Workspace_Assets,NativeAssociationType,nvarchar(40),Yes,"ContainedIn, ProjectContent, or CollectionMembership in these extracts. This records observed membership, not the accountable business workspace.",Platform observation,Required. Source: Query relationship label. Value: ContainedIn; observed membership never assigns business ownership. Null: Reject or quarantine a nonblank row if missing. Never substitute a display name.,Required. Source: Query relationship label. Value: ProjectContent; observed membership never assigns business ownership. Null: Reject or quarantine a nonblank row if missing. Never substitute a display name.,Required. Source: Query relationship label. Value: CollectionMembership; observed membership never assigns business ownership. Null: Reject or quarantine a nonblank row if missing. Never substitute a display name.
Connections,RunKey,uniqueidentifier,Yes,"Existing UUID for one immutable delivery. It links rows to Run_Context and never identifies an enduring workspace, asset, connection, or user.",Delivery manifest,Required. Source: Existing delivery manifest. Value: Repeat the same delivery UUID on its dataset rows. A retry uses this UUID only for identical immutable input. A later delivery uses a new UUID. Null: Reject or quarantine a nonblank row if missing. Never substitute a display name.,Required. Source: Existing delivery manifest. Value: Repeat the same delivery UUID on its dataset rows. A retry uses this UUID only for identical immutable input. A later delivery uses a new UUID. Null: Reject or quarantine a nonblank row if missing. Never substitute a display name.,Required. Source: Existing delivery manifest. Value: Repeat the same delivery UUID on its dataset rows. A retry uses this UUID only for identical immutable input. A later delivery uses a new UUID. Null: Reject or quarantine a nonblank row if missing. Never substitute a display name.
Connections,NativeConnectionID,nvarchar(200),Yes,Tableau data connection LUID or returned Power BI source-instance ID. Alteryx V1 does not collect connections. Missing or unstable keys require review.,Platform observation,Required. Source: datasourceInstances[].datasourceId. Value: Exact native datasource ID. Do not hash connection secrets or invent a name-based ID. Null: Reject or quarantine a nonblank row if missing. Never substitute a display name.,Required. Source: public.data_connections.luid. Value: Preserve the source LUID and the V1 key namespace. Never replace it with repository integer id; require a reviewed crosswalk after migration. Null: Reject or quarantine a nonblank row if missing. Never substitute a display name.,Not collected. Source: No verified source in this query profile. Value: Gallery and Service catalog records do not establish workflow input/output data connections or workflow lineage. Do not treat an AS_Applications record as a data connection. Null: Emit no rows for an uncollected dataset. Set CoverageStatus=NotCollected; do not create NULL placeholder records.
Connections,DisplayName,nvarchar(200),No,Source caption when available. The Power BI adapter uses an explicit technology-and-ID label when no supported name is provided. Maps to ObservedConnection.DisplayName.,Platform observation,"Conditional. Source: datasourceInstances[].datasourceType. Value: Optional readable technical label. No business meaning is inferred. Null: NULL when absent from this export. NULL means unknown, not false or not applicable.","Conditional. Source: data_connections.caption, then name, then luid. Value: Technical label fallback only; never a business name or identity match. Null: NULL when absent from this export. NULL means unknown, not false or not applicable.",Not collected. Source: No verified source in this query profile. Value: Gallery and Service catalog records do not establish workflow input/output data connections or workflow lineage. Do not treat an AS_Applications record as a data connection. Null: Emit no rows for an uncollected dataset. Set CoverageStatus=NotCollected; do not create NULL placeholder records.
Connections,TechnologyCode,nvarchar(40),Yes,"Source technology, such as Oracle or SQL Server. Null source types become Undefined. Preserve other vendor values for mapping review. Maps to resolved DataSource.TechnologyCode.",Platform observation,"Required. Source: datasourceInstances[].datasourceType. Value: Map Oracle to Oracle, Sql to SQL Server; preserve other known types. Undefined only when technology is unavailable. Null: Reject or quarantine a nonblank row if missing. Never substitute a display name.","Required. Source: public.data_connections.dbclass. Value: Map oracle to Oracle, sqlserver to SQL Server, dataengine/hyper to Extract; retain other known values or Undefined. Null: Reject or quarantine a nonblank row if missing. Never substitute a display name.",Not collected. Source: No verified source in this query profile. Value: Gallery and Service catalog records do not establish workflow input/output data connections or workflow lineage. Do not treat an AS_Applications record as a data connection. Null: Emit no rows for an uncollected dataset. Set CoverageStatus=NotCollected; do not create NULL placeholder records.
Connections,HasExtract,bit,No,"Tableau extract indicator, separate from source technology. Retained in staging. Power BI leaves it null; Alteryx V1 returns no connection rows.",Platform observation,"Conditional. Source: Not supplied by scan datasource instance. Value: NULL. Report/model storage mode must not be inferred from datasource type. Null: NULL when absent from this export. NULL means unknown, not false or not applicable.","Conditional. Source: public.data_connections.has_extract. Value: Preserve explicit true or false. Missing stays NULL; do not infer storage mode from dbclass. Null: NULL when absent from this export. NULL means unknown, not false or not applicable.",Not collected. Source: No verified source in this query profile. Value: Gallery and Service catalog records do not establish workflow input/output data connections or workflow lineage. Do not treat an AS_Applications record as a data connection. Null: Emit no rows for an uncollected dataset. Set CoverageStatus=NotCollected; do not create NULL placeholder records.
Connections,ServerHostname,nvarchar(255),No,Allowed endpoint host from the source. Maps to DataSource.ServerHostname after endpoint resolution. Do not merge by host alone.,Platform observation,"Conditional. Source: datasourceInstances[].connectionDetails.server. Value: Sanitized host only. No URL tokens or credentials. Null: NULL when absent from this export. NULL means unknown, not false or not applicable.","Conditional. Source: public.data_connections.server. Value: Sanitized host only; missing stays NULL. Null: NULL when absent from this export. NULL means unknown, not false or not applicable.",Not collected. Source: No verified source in this query profile. Value: Gallery and Service catalog records do not establish workflow input/output data connections or workflow lineage. Do not treat an AS_Applications record as a data connection. Null: Emit no rows for an uncollected dataset. Set CoverageStatus=NotCollected; do not create NULL placeholder records.
Connections,DatabaseName,nvarchar(200),No,Source database or provider-specific database identifier. Maps to DataSource.DatabaseName after validation.,Platform observation,"Conditional. Source: datasourceInstances[].connectionDetails.database. Value: Database name when present. Null: NULL when absent from this export. NULL means unknown, not false or not applicable.","Conditional. Source: public.data_connections.dbname. Value: Preserve observed database name. Null: NULL when absent from this export. NULL means unknown, not false or not applicable.",Not collected. Source: No verified source in this query profile. Value: Gallery and Service catalog records do not establish workflow input/output data connections or workflow lineage. Do not treat an AS_Applications record as a data connection. Null: Emit no rows for an uncollected dataset. Set CoverageStatus=NotCollected; do not create NULL placeholder records.
Connections,AuthenticationTypeCode,nvarchar(40),No,Tableau native authentication method when present. Maps to ObservedConnection.AuthenticationTypeCode after vocabulary validation. Missing does not imply anonymous access.,Platform observation,"Conditional. Source: Not supplied by this scan projection. Value: NULL; gateway presence does not prove authentication type. Null: NULL when absent from this export. NULL means unknown, not false or not applicable.","Conditional. Source: public.data_connections.authentication. Value: Preserve raw authentication code. Installed schema and token meaning require verification; missing stays NULL. Null: NULL when absent from this export. NULL means unknown, not false or not applicable.",Not collected. Source: No verified source in this query profile. Value: Gallery and Service catalog records do not establish workflow input/output data connections or workflow lineage. Do not treat an AS_Applications record as a data connection. Null: Emit no rows for an uncollected dataset. Set CoverageStatus=NotCollected; do not create NULL placeholder records.
Connections,IdentityClassificationCode,nvarchar(40),No,Unknown for this pass. Maps to ObservedConnection.IdentityClassificationCode. Later identity evidence may support a service/personal classification.,Platform observation,"Conditional. Source: No verified credential identity in this input. Value: Unknown. Never infer Personal or Service Account from a hostname. Null: NULL when absent from this export. NULL means unknown, not false or not applicable.","Conditional. Source: Credential identity class not established by repository username alone. Value: Unknown; a username is not verified account classification. Null: NULL when absent from this export. NULL means unknown, not false or not applicable.",Not collected. Source: No verified source in this query profile. Value: Gallery and Service catalog records do not establish workflow input/output data connections or workflow lineage. Do not treat an AS_Applications record as a data connection. Null: Emit no rows for an uncollected dataset. Set CoverageStatus=NotCollected; do not create NULL placeholder records.
Connections,EvidenceStatusCode,nvarchar(30),Yes,Observed for the row's captured facts. Maps to ObservedConnection.EvidenceStatusCode. Dataset coverage controls what absences can mean.,Platform observation,Required. Source: Query evidence classification. Value: Partial when authentication or identity evidence is unavailable. Unknown is not a pass. Null: Reject or quarantine a nonblank row if missing. Never substitute a display name.,Required. Source: Query evidence classification. Value: Partial; repository projection alone does not verify credential controls. Null: Reject or quarantine a nonblank row if missing. Never substitute a display name.,Not collected. Source: No verified source in this query profile. Value: Gallery and Service catalog records do not establish workflow input/output data connections or workflow lineage. Do not treat an AS_Applications record as a data connection. Null: Emit no rows for an uncollected dataset. Set CoverageStatus=NotCollected; do not create NULL placeholder records.
Asset_Connections,RunKey,uniqueidentifier,Yes,"Existing UUID for one immutable delivery. It links rows to Run_Context and never identifies an enduring workspace, asset, connection, or user.",Delivery manifest,Required. Source: Existing delivery manifest. Value: Repeat the same delivery UUID on its dataset rows. A retry uses this UUID only for identical immutable input. A later delivery uses a new UUID. Null: Reject or quarantine a nonblank row if missing. Never substitute a display name.,Required. Source: Existing delivery manifest. Value: Repeat the same delivery UUID on its dataset rows. A retry uses this UUID only for identical immutable input. A later delivery uses a new UUID. Null: Reject or quarantine a nonblank row if missing. Never substitute a display name.,Required. Source: Existing delivery manifest. Value: Repeat the same delivery UUID on its dataset rows. A retry uses this UUID only for identical immutable input. A later delivery uses a new UUID. Null: Reject or quarantine a nonblank row if missing. Never substitute a display name.
Asset_Connections,NativeAssetID,nvarchar(200),Yes,Direct consumer asset. Resolve to ObservedAssetConnection.AssetID.,Platform observation,Required. Source: datasets[].id. Value: Only direct source-observed edges. Null: Reject or quarantine a nonblank row if missing. Never substitute a display name.,Required. Source: workbooks.luid or published datasources.luid via data_connections.owner_type + owner_id within site; verify owner_type tokens. Value: Only direct source-observed edges. Null: Reject or quarantine a nonblank row if missing. Never substitute a display name.,Not collected. Source: No verified source in this query profile. Value: Gallery and Service catalog records do not establish workflow input/output data connections or workflow lineage. Do not treat an AS_Applications record as a data connection. Null: Emit no rows for an uncollected dataset. Set CoverageStatus=NotCollected; do not create NULL placeholder records.
Asset_Connections,NativeAssetType,nvarchar(50),Yes,Asset identity namespace used for resolution.,Platform observation,Required. Source: Source branch. Value: Dataset Null: Reject or quarantine a nonblank row if missing. Never substitute a display name.,Required. Source: Source branch. Value: Workbook / PublishedDatasource Null: Reject or quarantine a nonblank row if missing. Never substitute a display name.,Not collected. Source: No verified source in this query profile. Value: Gallery and Service catalog records do not establish workflow input/output data connections or workflow lineage. Do not treat an AS_Applications record as a data connection. Null: Emit no rows for an uncollected dataset. Set CoverageStatus=NotCollected; do not create NULL placeholder records.
Asset_Connections,NativeConnectionID,nvarchar(200),Yes,Referenced native connection. Resolve to ObservedAssetConnection.ConnectionID.,Platform observation,Required. Source: datasets[].datasourceUsages[].datasourceInstanceId joined to datasourceInstances[].datasourceId. Value: Retain missing endpoints for review; never match by label. Null: Reject or quarantine a nonblank row if missing. Never substitute a display name.,Required. Source: data_connections.luid. Value: Retain missing endpoints for review; never match by label. Null: Reject or quarantine a nonblank row if missing. Never substitute a display name.,Not collected. Source: No verified source in this query profile. Value: Gallery and Service catalog records do not establish workflow input/output data connections or workflow lineage. Do not treat an AS_Applications record as a data connection. Null: Emit no rows for an uncollected dataset. Set CoverageStatus=NotCollected; do not create NULL placeholder records.
Asset_Connections,EvidenceStatusCode,nvarchar(30),Yes,Row-level observation status. Maps to the matching observed edge.,Platform observation,Required. Source: Join result. Value: Observed if both endpoints resolve; Unresolved otherwise. Null: Reject or quarantine a nonblank row if missing. Never substitute a display name.,Required. Source: Join result. Value: Observed if both endpoints resolve; Unresolved otherwise. Null: Reject or quarantine a nonblank row if missing. Never substitute a display name.,Not collected. Source: No verified source in this query profile. Value: Gallery and Service catalog records do not establish workflow input/output data connections or workflow lineage. Do not treat an AS_Applications record as a data connection. Null: Emit no rows for an uncollected dataset. Set CoverageStatus=NotCollected; do not create NULL placeholder records.
Asset_Dependencies,RunKey,uniqueidentifier,Yes,"Existing UUID for one immutable delivery. It links rows to Run_Context and never identifies an enduring workspace, asset, connection, or user.",Delivery manifest,Required. Source: Existing delivery manifest. Value: Repeat the same delivery UUID on its dataset rows. A retry uses this UUID only for identical immutable input. A later delivery uses a new UUID. Null: Reject or quarantine a nonblank row if missing. Never substitute a display name.,Required. Source: Existing delivery manifest. Value: Repeat the same delivery UUID on its dataset rows. A retry uses this UUID only for identical immutable input. A later delivery uses a new UUID. Null: Reject or quarantine a nonblank row if missing. Never substitute a display name.,Required. Source: Existing delivery manifest. Value: Repeat the same delivery UUID on its dataset rows. A retry uses this UUID only for identical immutable input. A later delivery uses a new UUID. Null: Reject or quarantine a nonblank row if missing. Never substitute a display name.
Asset_Dependencies,NativeAssetID,nvarchar(200),Yes,"Consumer, such as a report. Resolve to proposed ObservedAssetDependency.ConsumerAssetID.",Platform observation,Required. Source: reports[].id. Value: Report ID. Null: Reject or quarantine a nonblank row if missing. Never substitute a display name.,Not collected. Source: No verified source in this query profile. Value: Workbook-to-published-source lineage is outside the conservative repository query. Do not infer dependencies from equal names. Null: Emit no rows for an uncollected dataset. Set CoverageStatus=NotCollected; do not create NULL placeholder records.,Not collected. Source: No verified source in this query profile. Value: Gallery and Service catalog records do not establish workflow input/output data connections or workflow lineage. Do not treat an AS_Applications record as a data connection. Null: Emit no rows for an uncollected dataset. Set CoverageStatus=NotCollected; do not create NULL placeholder records.
Asset_Dependencies,NativeAssetType,nvarchar(50),Yes,Consumer native type. Part of its identity key.,Platform observation,Required. Source: Source branch. Value: Report Null: Reject or quarantine a nonblank row if missing. Never substitute a display name.,Not collected. Source: No verified source in this query profile. Value: Workbook-to-published-source lineage is outside the conservative repository query. Do not infer dependencies from equal names. Null: Emit no rows for an uncollected dataset. Set CoverageStatus=NotCollected; do not create NULL placeholder records.,Not collected. Source: No verified source in this query profile. Value: Gallery and Service catalog records do not establish workflow input/output data connections or workflow lineage. Do not treat an AS_Applications record as a data connection. Null: Emit no rows for an uncollected dataset. Set CoverageStatus=NotCollected; do not create NULL placeholder records.
Asset_Dependencies,UpstreamNativeAssetID,nvarchar(200),Yes,"Provider, such as a semantic model. Resolve to proposed ObservedAssetDependency.ProviderAssetID.",Platform observation,Required. Source: reports[].datasetId. Value: Exact model ID; keep cross-workspace dependencies. Null: Reject or quarantine a nonblank row if missing. Never substitute a display name.,Not collected. Source: No verified source in this query profile. Value: Workbook-to-published-source lineage is outside the conservative repository query. Do not infer dependencies from equal names. Null: Emit no rows for an uncollected dataset. Set CoverageStatus=NotCollected; do not create NULL placeholder records.,Not collected. Source: No verified source in this query profile. Value: Gallery and Service catalog records do not establish workflow input/output data connections or workflow lineage. Do not treat an AS_Applications record as a data connection. Null: Emit no rows for an uncollected dataset. Set CoverageStatus=NotCollected; do not create NULL placeholder records.
Asset_Dependencies,UpstreamNativeAssetType,nvarchar(50),Yes,Provider native type. May require a supplemental inventory for Dataflow or Datamart.,Platform observation,Required. Source: Source branch. Value: Dataset Null: Reject or quarantine a nonblank row if missing. Never substitute a display name.,Not collected. Source: No verified source in this query profile. Value: Workbook-to-published-source lineage is outside the conservative repository query. Do not infer dependencies from equal names. Null: Emit no rows for an uncollected dataset. Set CoverageStatus=NotCollected; do not create NULL placeholder records.,Not collected. Source: No verified source in this query profile. Value: Gallery and Service catalog records do not establish workflow input/output data connections or workflow lineage. Do not treat an AS_Applications record as a data connection. Null: Emit no rows for an uncollected dataset. Set CoverageStatus=NotCollected; do not create NULL placeholder records.
Asset_Dependencies,RelationshipCode,nvarchar(40),Yes,UsesSemanticModel or DependsOn in the Power BI adapter. Maps to DependencyTypeCode.,Platform observation,Required. Source: Source relationship. Value: UsesSemanticModel Null: Reject or quarantine a nonblank row if missing. Never substitute a display name.,Not collected. Source: No verified source in this query profile. Value: Workbook-to-published-source lineage is outside the conservative repository query. Do not infer dependencies from equal names. Null: Emit no rows for an uncollected dataset. Set CoverageStatus=NotCollected; do not create NULL placeholder records.,Not collected. Source: No verified source in this query profile. Value: Gallery and Service catalog records do not establish workflow input/output data connections or workflow lineage. Do not treat an AS_Applications record as a data connection. Null: Emit no rows for an uncollected dataset. Set CoverageStatus=NotCollected; do not create NULL placeholder records.
Asset_Dependencies,EvidenceStatusCode,nvarchar(30),Yes,Captured edge evidence. Maps to proposed ObservedAssetDependency.EvidenceStatusCode.,Platform observation,Required. Source: Endpoint resolution. Value: Observed if model is in inventory; Unresolved otherwise. Null: Reject or quarantine a nonblank row if missing. Never substitute a display name.,Not collected. Source: No verified source in this query profile. Value: Workbook-to-published-source lineage is outside the conservative repository query. Do not infer dependencies from equal names. Null: Emit no rows for an uncollected dataset. Set CoverageStatus=NotCollected; do not create NULL placeholder records.,Not collected. Source: No verified source in this query profile. Value: Gallery and Service catalog records do not establish workflow input/output data connections or workflow lineage. Do not treat an AS_Applications record as a data connection. Null: Emit no rows for an uncollected dataset. Set CoverageStatus=NotCollected; do not create NULL placeholder records.
Platform_Users,RunKey,uniqueidentifier,Yes,"Existing UUID for one immutable delivery. It links rows to Run_Context and never identifies an enduring workspace, asset, connection, or user.",Delivery manifest,Required. Source: Existing delivery manifest. Value: Repeat the same delivery UUID on its dataset rows. A retry uses this UUID only for identical immutable input. A later delivery uses a new UUID. Null: Reject or quarantine a nonblank row if missing. Never substitute a display name.,Required. Source: Existing delivery manifest. Value: Repeat the same delivery UUID on its dataset rows. A retry uses this UUID only for identical immutable input. A later delivery uses a new UUID. Null: Reject or quarantine a nonblank row if missing. Never substitute a display name.,Required. Source: Existing delivery manifest. Value: Repeat the same delivery UUID on its dataset rows. A retry uses this UUID only for identical immutable input. A later delivery uses a new UUID. Null: Reject or quarantine a nonblank row if missing. Never substitute a display name.
Platform_Users,NativePrincipalID,nvarchar(200),Yes,Exact source user or principal key. Keep blanks as unresolved evidence; never invent an ID.,Platform observation,"Required. Source: artifact/workspace users[].graphId, otherwise explicit identifier. Value: Keep the V1 namespace: graphId uses PowerBIGraphID; fallback identifier uses PowerBIPrincipalIdentifier. Never use a display name. A later graphId requires continuity review, not silent rekeying. Null: Reject or quarantine a nonblank row if missing. Never substitute a display name.","Required. Source: public.users.luid joined through users.system_user_id. Value: Preserve V1 TableauUserLUID identity, scoped by site LUID. Repository owner_id is a separate raw reference joined through users.id. Null: Reject or quarantine a nonblank row if missing. Never substitute a display name.",Required. Source: AlteryxGallery.users._id. Value: Exact Mongo ID text; Windows SID is a different namespace. Null: Reject or quarantine a nonblank row if missing. Never substitute a display name.
Platform_Users,IdentifierNamespace,nvarchar(60),Yes,"Names the ID system, such as TableauUserLUID, PowerBIGraphID, PowerBIEmail, or AlteryxMongoUserID.",Platform observation,Required. Source: Documented identifier source. Value: PowerBIGraphID for graphId; PowerBIPrincipalIdentifier for identifier fallback. Keep the namespace with its native key. Null: Reject or quarantine a nonblank row if missing. Never substitute a display name.,Required. Source: Repository key kind. Value: TableauUserLUID Null: Reject or quarantine a nonblank row if missing. Never substitute a display name.,Required. Source: Repository key kind. Value: AlteryxMongoUserID Null: Reject or quarantine a nonblank row if missing. Never substitute a display name.
Platform_Users,PrincipalTypeCode,nvarchar(30),Yes,"User, Group, App, or Unknown. Nonhuman principals do not automatically match a person.",Platform observation,"Required. Source: users[].principalType. Value: User, Group, App, or None as supplied; never turn every principal into a person. Null: Reject or quarantine a nonblank row if missing. Never substitute a display name.",Required. Source: Source collection users. Value: User Null: Reject or quarantine a nonblank row if missing. Never substitute a display name.,Required. Source: Source collection users. Value: User; service or directory group references are not silently converted. Null: Reject or quarantine a nonblank row if missing. Never substitute a display name.
Platform_Users,DisplayName,nvarchar(200),No,Source person or principal label. Never use it as a match key.,Platform observation,"Conditional. Source: users[].displayName. Value: Display only; optional. Null: NULL when absent from this export. NULL means unknown, not false or not applicable.","Conditional. Source: public.system_users.friendly_name. Value: Display only. Null: NULL when absent from this export. NULL means unknown, not false or not applicable.","Conditional. Source: AlteryxGallery.users.FirstName + LastName. Value: Join available name parts for display only. Null: NULL when absent from this export. NULL means unknown, not false or not applicable."
Platform_Users,SourceEmail,nvarchar(320),No,Explicit email returned by the platform. Keep the raw value.,Platform observation,"Conditional. Source: users[].emailAddress. Value: Preserve explicit email only; identifier or UPN is not an implicit fallback. Null: NULL when absent from this export. NULL means unknown, not false or not applicable.","Conditional. Source: public.system_users.email. Value: Preserve email; do not replace with login name. Null: NULL when absent from this export. NULL means unknown, not false or not applicable.","Conditional. Source: AlteryxGallery.users.Email. Value: Preserve explicit email; WindowsIdentity.Name is not a fallback. Null: NULL when absent from this export. NULL means unknown, not false or not applicable."
Platform_Users,SourceStatus,nvarchar(500),No,Native role or account flags as a labeled source value. This is not corporate directory status.,Platform observation,"Conditional. Source: Not supplied by scan principal fields. Value: NULL; access-right strings are roles, not enabled state. Null: NULL when absent from this export. NULL means unknown, not false or not applicable.","Conditional. Source: site_roles.name via users.site_role_id, falling back to site_role_id or Unknown. Value: Prefix TableauSiteRole=. Native role is not directory enabled status. Null: NULL when absent from this export. NULL means unknown, not false or not applicable.","Conditional. Source: AlteryxGallery.users.Active. Value: Explicit native boolean as text, NULL if missing. Native status is not Entra accountEnabled. Null: NULL when absent from this export. NULL means unknown, not false or not applicable."
Directory_Users,RunKey,uniqueidentifier,Yes,"Existing UUID for one immutable delivery. It links rows to Run_Context and never identifies an enduring workspace, asset, connection, or user.",Directory export,Required. Source: Existing delivery manifest. Value: Repeat the same delivery UUID on its dataset rows. A retry uses this UUID only for identical immutable input. A later delivery uses a new UUID. Null: Reject or quarantine a nonblank row if missing. Never substitute a display name.,Required. Source: Existing delivery manifest. Value: Repeat the same delivery UUID on its dataset rows. A retry uses this UUID only for identical immutable input. A later delivery uses a new UUID. Null: Reject or quarantine a nonblank row if missing. Never substitute a display name.,Required. Source: Existing delivery manifest. Value: Repeat the same delivery UUID on its dataset rows. A retry uses this UUID only for identical immutable input. A later delivery uses a new UUID. Null: Reject or quarantine a nonblank row if missing. Never substitute a display name.
Directory_Users,DirectoryObjectID,nvarchar(200),Yes,Microsoft Entra user object ID from Graph id. Preserve as text.,Directory export,Required. Source: Directory export id. Value: Exact Entra object ID; it remains separate from every platform account ID. Null: Reject or quarantine a nonblank row if missing. Never substitute a display name.,Required. Source: Directory export id. Value: Exact Entra object ID; it remains separate from every platform account ID. Null: Reject or quarantine a nonblank row if missing. Never substitute a display name.,Required. Source: Directory export id. Value: Exact Entra object ID; it remains separate from every platform account ID. Null: Reject or quarantine a nonblank row if missing. Never substitute a display name.
Directory_Users,DisplayName,nvarchar(200),No,Directory label. Never match people using this field.,Directory export,"Conditional. Source: Directory export displayName. Value: Current display label; never an identity key. Null: NULL when absent from this export. NULL means unknown, not false or not applicable.","Conditional. Source: Directory export displayName. Value: Current display label; never an identity key. Null: NULL when absent from this export. NULL means unknown, not false or not applicable.","Conditional. Source: Directory export displayName. Value: Current display label; never an identity key. Null: NULL when absent from this export. NULL means unknown, not false or not applicable."
Directory_Users,Mail,nvarchar(320),No,Graph mail property. This is the agreed email match field.,Directory export,"Conditional. Source: Directory export mail. Value: Original value. Match lower(trim(SourceEmail)) to lower(trim(Mail)) only within DirectoryTenantKey. No UPN fallback. Null: NULL when absent from this export. NULL means unknown, not false or not applicable.","Conditional. Source: Directory export mail. Value: Original value. Match lower(trim(SourceEmail)) to lower(trim(Mail)) only within DirectoryTenantKey. No UPN fallback. Null: NULL when absent from this export. NULL means unknown, not false or not applicable.","Conditional. Source: Directory export mail. Value: Original value. Match lower(trim(SourceEmail)) to lower(trim(Mail)) only within DirectoryTenantKey. No UPN fallback. Null: NULL when absent from this export. NULL means unknown, not false or not applicable."
Directory_Users,AccountEnabled,bit,No,"Graph accountEnabled: 1 enabled, 0 disabled, blank unknown. This does not establish employment status.",Directory export,"Conditional. Source: Directory export accountEnabled. Value: Use true or false only when explicitly present. A missing result stays NULL. False is resolved-disabled, not unresolved. Null: NULL when absent from this export. NULL means unknown, not false or not applicable.","Conditional. Source: Directory export accountEnabled. Value: Use true or false only when explicitly present. A missing result stays NULL. False is resolved-disabled, not unresolved. Null: NULL when absent from this export. NULL means unknown, not false or not applicable.","Conditional. Source: Directory export accountEnabled. Value: Use true or false only when explicitly present. A missing result stays NULL. False is resolved-disabled, not unresolved. Null: NULL when absent from this export. NULL means unknown, not false or not applicable."
Object_Users,RunKey,uniqueidentifier,Yes,"Existing UUID for one immutable delivery. It links rows to Run_Context and never identifies an enduring workspace, asset, connection, or user.",Delivery manifest,Required. Source: Existing delivery manifest. Value: Repeat the same delivery UUID on its dataset rows. A retry uses this UUID only for identical immutable input. A later delivery uses a new UUID. Null: Reject or quarantine a nonblank row if missing. Never substitute a display name.,Required. Source: Existing delivery manifest. Value: Repeat the same delivery UUID on its dataset rows. A retry uses this UUID only for identical immutable input. A later delivery uses a new UUID. Null: Reject or quarantine a nonblank row if missing. Never substitute a display name.,Required. Source: Existing delivery manifest. Value: Repeat the same delivery UUID on its dataset rows. A retry uses this UUID only for identical immutable input. A later delivery uses a new UUID. Null: Reject or quarantine a nonblank row if missing. Never substitute a display name.
Object_Users,NativeObjectType,nvarchar(50),Yes,"Exact source object type, such as Project, Workbook, Report, Dataset, Collection, or Workflow.",Platform observation,Required. Source: Parent source entity. Value: Workspace / PersonalGroup / Project / Collection / Report / Dataset / Workbook / PublishedDatasource / Workflow; use the exact inventory namespace. Null: Reject or quarantine a nonblank row if missing. Never substitute a display name.,Required. Source: Parent source entity. Value: Workspace / PersonalGroup / Project / Collection / Report / Dataset / Workbook / PublishedDatasource / Workflow; use the exact inventory namespace. Null: Reject or quarantine a nonblank row if missing. Never substitute a display name.,Required. Source: Parent source entity. Value: Workspace / PersonalGroup / Project / Collection / Report / Dataset / Workbook / PublishedDatasource / Workflow; use the exact inventory namespace. Null: Reject or quarantine a nonblank row if missing. Never substitute a display name.
Object_Users,NativeObjectID,nvarchar(200),Yes,"Native workspace or asset key. Resolve with platform, instance, scope, and type.",Platform observation,Required. Source: Parent native object key. Value: Use exact workspace or asset ID. Do not use the label. Null: Reject or quarantine a nonblank row if missing. Never substitute a display name.,Required. Source: Parent native object key. Value: Use exact workspace or asset ID. Do not use the label. Null: Reject or quarantine a nonblank row if missing. Never substitute a display name.,Required. Source: Parent native object key. Value: Use exact workspace or asset ID. Do not use the label. Null: Reject or quarantine a nonblank row if missing. Never substitute a display name.
Object_Users,PrincipalRoleCode,nvarchar(40),Yes,"Observed relationship: TechnicalOwner, CreatedBy, ModifiedBy, Access, or CollectionMember. Roles are separate rows. Technical ownership does not assign the business owner.",Platform observation,"Required. Source: workspaces[].users[] and datasets[].users[] / reports[].users[]. Value: Access with native access-right fields; TechnicalOwner from reports.createdById, which Microsoft explicitly defines as report owner; ModifiedBy from reports.modifiedById. Neither assigns business ownership. Null: Reject or quarantine a nonblank row if missing. Never substitute a display name.","Required. Source: projects.owner_id, workbooks.owner_id, datasources.owner_id joined to site users.id. Value: TechnicalOwner for explicit owner_id; ModifiedBy for workbooks/datasources.modified_by_user_id. Full access grants are not collected Null: Reject or quarantine a nonblank row if missing. Never substitute a display name.","Required. Source: collections.OwnerId, collections.Users[].UserId, appInfos.CreatedBy; optional verified current owner mapping. Value: TechnicalOwner for collection OwnerId; CollectionMember for Users; CreatedBy for appInfos.CreatedBy. Current workflow TechnicalOwner is unverified Null: Reject or quarantine a nonblank row if missing. Never substitute a display name."
Object_Users,SourcePrincipalReference,nvarchar(200),No,"Raw source account reference, kept separate from the resolved account ID. NULL is allowed for an explicit missing or unverified reference; preserve the object-role issue.",Platform observation,"Conditional. Source: workspaces[].users[] and datasets[].users[] / reports[].users[]. Value: Preserve the raw reference when supplied. NULL for missing reference or unverified workflow ownership; retain the object-role row for Platform Manager. Null: NULL when absent from this export. NULL means unknown, not false or not applicable.","Conditional. Source: projects.owner_id, workbooks.owner_id, datasources.owner_id joined to site users.id. Value: Preserve the raw reference when supplied. NULL for missing reference or unverified workflow ownership; retain the object-role row for Platform Manager. Null: NULL when absent from this export. NULL means unknown, not false or not applicable.","Conditional. Source: collections.OwnerId, collections.Users[].UserId, appInfos.CreatedBy; optional verified current owner mapping. Value: Preserve the raw reference when supplied. NULL for missing reference or unverified workflow ownership; retain the object-role row for Platform Manager. Null: NULL when absent from this export. NULL means unknown, not false or not applicable."
Object_Users,SourceReferenceNamespace,nvarchar(60),No,Namespace of the raw principal reference when established by source documentation. NULL when the reference is missing or its namespace cannot be verified; never guess a namespace to create a match.,Platform observation,"Conditional. Source: Documented reference kind. Value: PowerBIPrincipalIdentifier for raw identifier when present; otherwise PowerBIGraphID for graphId. Resolved account identity can use PowerBIGraphID independently. Null: NULL when absent from this export. NULL means unknown, not false or not applicable.","Conditional. Source: Documented reference kind. Value: TableauRepositoryUserID Null: NULL when absent from this export. NULL means unknown, not false or not applicable.","Conditional. Source: Documented reference kind. Value: AlteryxMongoUserID for documented OwnerId, UserId, and CreatedBy references even when unmatched. NULL for missing or unverified workflow owner. Null: NULL when absent from this export. NULL means unknown, not false or not applicable."
Object_Users,NativePrincipalID,nvarchar(200),No,Matched key from Platform_Users after the platform-side join. Blank remains unresolved.,Platform observation,"Conditional. Source: Verified reference-to-Platform_Users join. Value: Populate only after exact unique namespace match. NULL when unresolved; preserve raw source reference. Null: NULL when absent from this export. NULL means unknown, not false or not applicable.","Conditional. Source: Verified reference-to-Platform_Users join. Value: Populate only after exact unique namespace match. NULL when unresolved; preserve raw source reference. Null: NULL when absent from this export. NULL means unknown, not false or not applicable.","Conditional. Source: Verified reference-to-Platform_Users join. Value: Populate only after exact unique namespace match. NULL when unresolved; preserve raw source reference. Null: NULL when absent from this export. NULL means unknown, not false or not applicable."
Object_Users,IdentifierNamespace,nvarchar(60),No,Namespace of NativePrincipalID; must equal the matched Platform_Users namespace.,Platform observation,"Conditional. Source: Resolved Platform_Users.IdentifierNamespace. Value: NULL when unresolved. Must accompany NativePrincipalID. Null: NULL when absent from this export. NULL means unknown, not false or not applicable.","Conditional. Source: Resolved Platform_Users.IdentifierNamespace. Value: NULL when unresolved. Must accompany NativePrincipalID. Null: NULL when absent from this export. NULL means unknown, not false or not applicable.","Conditional. Source: Resolved Platform_Users.IdentifierNamespace. Value: NULL when unresolved. Must accompany NativePrincipalID. Null: NULL when absent from this export. NULL means unknown, not false or not applicable."
Object_Users,NativeRole,nvarchar(100),No,"Unchanged native permission or role, when this is an Access relationship.",Platform observation,"Conditional. Source: Native access-right property when explicitly supplied. Value: NULL for pure ownership/author relationships. Do not invent workspace privileges from Champion assignment. Null: NULL when absent from this export. NULL means unknown, not false or not applicable.","Conditional. Source: Native access-right property when explicitly supplied. Value: NULL for pure ownership/author relationships. Do not invent workspace privileges from Champion assignment. Null: NULL when absent from this export. NULL means unknown, not false or not applicable.","Conditional. Source: Native access-right property when explicitly supplied. Value: NULL for pure ownership/author relationships. Do not invent workspace privileges from Champion assignment. Null: NULL when absent from this export. NULL means unknown, not false or not applicable."
Object_Users,SourceReferenceStatusCode,nvarchar(40),Yes,"ReadyForEmailMatch, MissingEmail, MissingSourceReference, UnresolvedUserReference, or UnverifiedMapping. This is source-account resolution, not directory activity or approval authority.",Platform observation,"Required. Source: Reference resolution result. Value: ReadyForEmailMatch when the account and email resolve; MissingEmail, MissingSourceReference, UnresolvedUserReference, or UnverifiedMapping otherwise. This does not prove a directory match. Route unresolved cases to Platform Manager. Null: Reject or quarantine a nonblank row if missing. Never substitute a display name.","Required. Source: Reference resolution result. Value: ReadyForEmailMatch when the account and email resolve; MissingEmail, MissingSourceReference, UnresolvedUserReference, or UnverifiedMapping otherwise. This does not prove a directory match. Route unresolved cases to Platform Manager. Null: Reject or quarantine a nonblank row if missing. Never substitute a display name.","Required. Source: Reference resolution result. Value: ReadyForEmailMatch when the account and email resolve; MissingEmail, MissingSourceReference, UnresolvedUserReference, or UnverifiedMapping otherwise. This does not prove a directory match. Route unresolved cases to Platform Manager. Null: Reject or quarantine a nonblank row if missing. Never substitute a display name."
