Table,Column,SQLType,Required,Purpose,Grain
Workspaces,RunKey,uniqueidentifier,Yes,Platform team's correlation key for this delivery. Registry ingestion maps it to ExtractRunID; it is not automatically the registry UUID.,"One observed workspace, Tableau project, or Alteryx collection."
Workspaces,PlatformCode,nvarchar(30),Yes,"PowerBI, Tableau, or Alteryx. Resolve through the configured platform lookup.","One observed workspace, Tableau project, or Alteryx collection."
Workspaces,PlatformInstanceKey,nvarchar(200),Yes,Stable tenant or server/site scope key. Resolves PlatformInstance.NativeInstanceKey. Never use a mutable display name.,"One observed workspace, Tableau project, or Alteryx collection."
Workspaces,NativeScopeKey,nvarchar(200),Yes,Namespace for source IDs. Power BI uses tenant ID; Tableau uses site LUID. Resolves RegistryObject.NativeScopeKey.,"One observed workspace, Tableau project, or Alteryx collection."
Workspaces,ObservedAt,datetimeoffset(7),Yes,Collection evidence time. Maps to ObservedWorkspace.ObservedAt and the extract dataset timestamp. Retain it for other snapshot rows through ExtractRun.,"One observed workspace, Tableau project, or Alteryx collection."
Workspaces,NativeWorkspaceID,nvarchar(200),Yes,Source workspace GUID or project LUID. Resolves RegistryObject.NativeObjectID and then WorkspaceID.,"One observed workspace, Tableau project, or Alteryx collection."
Workspaces,NativeRepositoryID,nvarchar(200),No,Tableau integer projects.id for diagnostic joins and a verified alternate-ID ledger. Staging-only; never replaces the LUID. Null for Power BI.,"One observed workspace, Tableau project, or Alteryx collection."
Workspaces,NativeWorkspaceType,nvarchar(50),Yes,"Native object class: Workspace, PersonalGroup, or Project, as returned or agreed. Maps to RegistryObject.NativeObjectType.","One observed workspace, Tableau project, or Alteryx collection."
Workspaces,DisplayName,nvarchar(200),Yes,Current technical label. Maps to ObservedWorkspace.DisplayName. Does not overwrite the declared business name.,"One observed workspace, Tableau project, or Alteryx collection."
Workspaces,NativeOwnerID,nvarchar(200),No,Raw technical owner reference. Resolve through Object_Users and Platform_Users. It does not assign a business owner.,"One observed workspace, Tableau project, or Alteryx collection."
Workspaces,NativeLifecycleCode,nvarchar(40),No,"Native state, such as active or archived. Maps to ObservedWorkspace.NativeLifecycleCode. Keep the native vocabulary.","One observed workspace, Tableau project, or Alteryx collection."
Workspaces,CapacityKey,nvarchar(200),No,Power BI capacity reference when returned. Maps to ObservedWorkspace.CapacityKey.,"One observed workspace, Tableau project, or Alteryx collection."
Assets,RunKey,uniqueidentifier,Yes,Platform team's correlation key for this delivery. Registry ingestion maps it to ExtractRunID; it is not automatically the registry UUID.,"One native report, model, workbook, published source, or Alteryx workflow."
Assets,PlatformCode,nvarchar(30),Yes,"PowerBI, Tableau, or Alteryx. Resolve through the configured platform lookup.","One native report, model, workbook, published source, or Alteryx workflow."
Assets,PlatformInstanceKey,nvarchar(200),Yes,Stable tenant or server/site scope key. Resolves PlatformInstance.NativeInstanceKey. Never use a mutable display name.,"One native report, model, workbook, published source, or Alteryx workflow."
Assets,NativeScopeKey,nvarchar(200),Yes,Namespace for source IDs. Power BI uses tenant ID; Tableau uses site LUID. Resolves RegistryObject.NativeScopeKey.,"One native report, model, workbook, published source, or Alteryx workflow."
Assets,ObservedAt,datetimeoffset(7),Yes,Collection evidence time. Maps to ObservedWorkspace.ObservedAt and the extract dataset timestamp. Retain it for other snapshot rows through ExtractRun.,"One native report, model, workbook, published source, or Alteryx workflow."
Assets,NativeAssetID,nvarchar(200),Yes,"Power BI report/model ID or Tableau workbook/published-source LUID. Resolves RegistryObject.NativeObjectID, then AssetID.","One native report, model, workbook, published source, or Alteryx workflow."
Assets,NativeRepositoryID,nvarchar(200),No,Tableau workbooks.id or datasources.id. Diagnostic alternate ID only. Null for Power BI.,"One native report, model, workbook, published source, or Alteryx workflow."
Assets,NativeAssetType,nvarchar(50),Yes,"Native type: Report, Dataset, Workbook, PublishedDatasource, or Workflow. Part of the object identity key.","One native report, model, workbook, published source, or Alteryx workflow."
Assets,AssetTypeCode,nvarchar(50),Yes,"Agreed display classification: Report, Paginated Report, Semantic Model, Workbook, or Published Data Source. Maps to Asset.AssetTypeCode.","One native report, model, workbook, published source, or Alteryx workflow."
Assets,DisplayName,nvarchar(200),Yes,Current source label. Maps to ObservedAsset.DisplayName; not an identity key.,"One native report, model, workbook, published source, or Alteryx workflow."
Assets,NativeVersionReference,nvarchar(100),No,Tableau revision when returned. Maps to ObservedAsset.NativeVersionReference. It does not automatically create a business AssetVersion.,"One native report, model, workbook, published source, or Alteryx workflow."
Assets,CreatedByNativeID,nvarchar(200),No,Verified original-author reference only. Power BI report createdBy is technical-owner evidence and must not populate this field as creator.,"One native report, model, workbook, published source, or Alteryx workflow."
Assets,ModifiedByNativeID,nvarchar(200),No,Native last-modifier identifier. Resolve to ObservedAsset.ModifiedByPrincipalID. Tableau uses a repository user ID; Power BI may expose a GUID.,"One native report, model, workbook, published source, or Alteryx workflow."
Assets,NativeOwnerID,nvarchar(200),No,Current technical owner evidence. Resolve to proposed ObservedAsset.NativeOwnerPrincipalID. It is distinct from creator and accountable business owner.,"One native report, model, workbook, published source, or Alteryx workflow."
Assets,CreatedAtNative,datetimeoffset(7),No,Source creation timestamp. Maps to ObservedAsset.CreatedAtNative. Unknown timezone remains unresolved.,"One native report, model, workbook, published source, or Alteryx workflow."
Assets,ModifiedAtNative,datetimeoffset(7),No,Source last-change timestamp. Maps to ObservedAsset.ModifiedAtNative. It does not mean last viewed.,"One native report, model, workbook, published source, or Alteryx workflow."
Assets,NativeLifecycleCode,nvarchar(40),No,Native lifecycle state. Maps to proposed ObservedAsset.NativeLifecycleCode. Missing Power BI report state remains null.,"One native report, model, workbook, published source, or Alteryx workflow."
Workspace_Assets,RunKey,uniqueidentifier,Yes,Platform team's correlation key for this delivery. Registry ingestion maps it to ExtractRunID; it is not automatically the registry UUID.,One physical workspace-to-asset membership.
Workspace_Assets,PlatformCode,nvarchar(30),Yes,"PowerBI, Tableau, or Alteryx. Resolve through the configured platform lookup.",One physical workspace-to-asset membership.
Workspace_Assets,PlatformInstanceKey,nvarchar(200),Yes,Stable tenant or server/site scope key. Resolves PlatformInstance.NativeInstanceKey. Never use a mutable display name.,One physical workspace-to-asset membership.
Workspace_Assets,NativeScopeKey,nvarchar(200),Yes,Namespace for source IDs. Power BI uses tenant ID; Tableau uses site LUID. Resolves RegistryObject.NativeScopeKey.,One physical workspace-to-asset membership.
Workspace_Assets,ObservedAt,datetimeoffset(7),Yes,Collection evidence time. Maps to ObservedWorkspace.ObservedAt and the extract dataset timestamp. Retain it for other snapshot rows through ExtractRun.,One physical workspace-to-asset membership.
Workspace_Assets,NativeWorkspaceID,nvarchar(200),Yes,Resolve the source workspace within this instance and scope. Maps to ObservedWorkspaceAsset.WorkspaceID.,One physical workspace-to-asset membership.
Workspace_Assets,NativeAssetID,nvarchar(200),Yes,Resolve the member asset using its native type. Maps to ObservedWorkspaceAsset.AssetID.,One physical workspace-to-asset membership.
Workspace_Assets,NativeAssetType,nvarchar(50),Yes,Disambiguates equal ID text across object classes. Part of the asset resolution key.,One physical workspace-to-asset membership.
Workspace_Assets,NativeAssociationType,nvarchar(40),Yes,ContainedIn or ProjectContent in these adapters. Maps to ObservedWorkspaceAsset.NativeAssociationType.,One physical workspace-to-asset membership.
Connections,RunKey,uniqueidentifier,Yes,Platform team's correlation key for this delivery. Registry ingestion maps it to ExtractRunID; it is not automatically the registry UUID.,One native connection.
Connections,PlatformCode,nvarchar(30),Yes,"PowerBI, Tableau, or Alteryx. Resolve through the configured platform lookup.",One native connection.
Connections,PlatformInstanceKey,nvarchar(200),Yes,Stable tenant or server/site scope key. Resolves PlatformInstance.NativeInstanceKey. Never use a mutable display name.,One native connection.
Connections,NativeScopeKey,nvarchar(200),Yes,Namespace for source IDs. Power BI uses tenant ID; Tableau uses site LUID. Resolves RegistryObject.NativeScopeKey.,One native connection.
Connections,ObservedAt,datetimeoffset(7),Yes,Collection evidence time. Maps to ObservedWorkspace.ObservedAt and the extract dataset timestamp. Retain it for other snapshot rows through ExtractRun.,One native connection.
Connections,NativeConnectionID,nvarchar(200),Yes,Tableau data connection LUID or returned Power BI source-instance ID. Resolve to ConnectionID. Missing or unstable IDs require review.,One native connection.
Connections,NativeRepositoryID,nvarchar(200),No,Tableau integer connection ID. Keep in the alternate-ID staging ledger for traceability only.,One native connection.
Connections,NativeConnectionType,nvarchar(50),Yes,DataConnection or DatasourceInstance. Maps to RegistryObject.NativeObjectType.,One native connection.
Connections,DisplayName,nvarchar(200),Yes,Source caption when available. The Power BI adapter uses an explicit technology-and-ID label when no supported name is provided. Maps to ObservedConnection.DisplayName.,One native connection.
Connections,TechnologyCode,nvarchar(40),Yes,"Source technology, such as Oracle or SQL Server. Null source types become Undefined. Preserve other vendor values for mapping review. Maps to resolved DataSource.TechnologyCode.",One native connection.
Connections,ServerHostname,nvarchar(255),No,Allowed endpoint host from the source. Maps to DataSource.ServerHostname after endpoint resolution. Do not merge by host alone.,One native connection.
Connections,Port,int,No,Connection port when exposed. Maps to DataSource.Port. Do not invent a default.,One native connection.
Connections,DatabaseName,nvarchar(200),No,Source database or provider-specific database identifier. Maps to DataSource.DatabaseName after validation.,One native connection.
Connections,HasExtract,bit,No,Tableau extract indicator. True can coexist with Oracle/SQL Server technology. Staging-only pending a dedicated observed mode field. Power BI remains null.,One native connection.
Connections,AuthenticationTypeCode,nvarchar(40),No,Tableau native authentication method when present. Maps to ObservedConnection.AuthenticationTypeCode after vocabulary validation. Missing does not imply anonymous access.,One native connection.
Connections,IdentityClassificationCode,nvarchar(40),Yes,Unknown for this pass. Maps to ObservedConnection.IdentityClassificationCode. Later identity evidence may support a service/personal classification.,One native connection.
Connections,GatewayID,nvarchar(200),No,Power BI gateway binding when supplied. Maps to ObservedConnection.GatewayID. A blank binding is valid unknown/unbound evidence.,One native connection.
Connections,NativeStatusCode,nvarchar(40),No,Source state or explicitly labeled adapter category Observed/Misconfigured. Maps to ObservedConnection.NativeStatusCode. It is not a risk conclusion.,One native connection.
Connections,EvidenceStatusCode,nvarchar(30),Yes,Observed for the row's captured facts. Maps to ObservedConnection.EvidenceStatusCode. Dataset coverage controls what absences can mean.,One native connection.
Asset_Connections,RunKey,uniqueidentifier,Yes,Platform team's correlation key for this delivery. Registry ingestion maps it to ExtractRunID; it is not automatically the registry UUID.,One directly observed asset-to-connection link.
Asset_Connections,PlatformCode,nvarchar(30),Yes,"PowerBI, Tableau, or Alteryx. Resolve through the configured platform lookup.",One directly observed asset-to-connection link.
Asset_Connections,PlatformInstanceKey,nvarchar(200),Yes,Stable tenant or server/site scope key. Resolves PlatformInstance.NativeInstanceKey. Never use a mutable display name.,One directly observed asset-to-connection link.
Asset_Connections,NativeScopeKey,nvarchar(200),Yes,Namespace for source IDs. Power BI uses tenant ID; Tableau uses site LUID. Resolves RegistryObject.NativeScopeKey.,One directly observed asset-to-connection link.
Asset_Connections,ObservedAt,datetimeoffset(7),Yes,Collection evidence time. Maps to ObservedWorkspace.ObservedAt and the extract dataset timestamp. Retain it for other snapshot rows through ExtractRun.,One directly observed asset-to-connection link.
Asset_Connections,NativeAssetID,nvarchar(200),Yes,Direct consumer asset. Resolve to ObservedAssetConnection.AssetID.,One directly observed asset-to-connection link.
Asset_Connections,NativeAssetType,nvarchar(50),Yes,Asset identity namespace used for resolution.,One directly observed asset-to-connection link.
Asset_Connections,NativeConnectionID,nvarchar(200),Yes,Referenced native connection. Resolve to ObservedAssetConnection.ConnectionID.,One directly observed asset-to-connection link.
Asset_Connections,EvidenceStatusCode,nvarchar(30),Yes,Row-level observation status. Maps to the matching observed edge.,One directly observed asset-to-connection link.
Asset_Dependencies,RunKey,uniqueidentifier,Yes,Platform team's correlation key for this delivery. Registry ingestion maps it to ExtractRunID; it is not automatically the registry UUID.,One consumer-to-provider asset relationship.
Asset_Dependencies,PlatformCode,nvarchar(30),Yes,"PowerBI, Tableau, or Alteryx. Resolve through the configured platform lookup.",One consumer-to-provider asset relationship.
Asset_Dependencies,PlatformInstanceKey,nvarchar(200),Yes,Stable tenant or server/site scope key. Resolves PlatformInstance.NativeInstanceKey. Never use a mutable display name.,One consumer-to-provider asset relationship.
Asset_Dependencies,NativeScopeKey,nvarchar(200),Yes,Namespace for source IDs. Power BI uses tenant ID; Tableau uses site LUID. Resolves RegistryObject.NativeScopeKey.,One consumer-to-provider asset relationship.
Asset_Dependencies,ObservedAt,datetimeoffset(7),Yes,Collection evidence time. Maps to ObservedWorkspace.ObservedAt and the extract dataset timestamp. Retain it for other snapshot rows through ExtractRun.,One consumer-to-provider asset relationship.
Asset_Dependencies,NativeAssetID,nvarchar(200),Yes,"Consumer, such as a report. Resolve to proposed ObservedAssetDependency.ConsumerAssetID.",One consumer-to-provider asset relationship.
Asset_Dependencies,NativeAssetType,nvarchar(50),Yes,Consumer native type. Part of its identity key.,One consumer-to-provider asset relationship.
Asset_Dependencies,UpstreamNativeAssetID,nvarchar(200),Yes,"Provider, such as a semantic model. Resolve to proposed ObservedAssetDependency.ProviderAssetID.",One consumer-to-provider asset relationship.
Asset_Dependencies,UpstreamNativeAssetType,nvarchar(50),Yes,Provider native type. May require a supplemental inventory for Dataflow or Datamart.,One consumer-to-provider asset relationship.
Asset_Dependencies,UpstreamNativeWorkspaceID,nvarchar(200),No,Source-reported provider location. Helps collect missing provider inventory. It is not part of the durable Power BI asset key.,One consumer-to-provider asset relationship.
Asset_Dependencies,RelationshipCode,nvarchar(40),Yes,UsesSemanticModel or DependsOn in the Power BI adapter. Maps to DependencyTypeCode.,One consumer-to-provider asset relationship.
Asset_Dependencies,EvidenceStatusCode,nvarchar(30),Yes,Captured edge evidence. Maps to proposed ObservedAssetDependency.EvidenceStatusCode.,One consumer-to-provider asset relationship.
Platform_Users,RunKey,uniqueidentifier,Yes,Platform team's correlation key for this delivery. Registry ingestion maps it to ExtractRunID; it is not automatically the registry UUID.,"One source principal per platform instance, scope, identifier namespace, native ID, and extract."
Platform_Users,PlatformCode,nvarchar(30),Yes,"PowerBI, Tableau, or Alteryx. Resolve through the configured platform lookup.","One source principal per platform instance, scope, identifier namespace, native ID, and extract."
Platform_Users,PlatformInstanceKey,nvarchar(200),Yes,Stable tenant or server/site scope key. Resolves PlatformInstance.NativeInstanceKey. Never use a mutable display name.,"One source principal per platform instance, scope, identifier namespace, native ID, and extract."
Platform_Users,NativeScopeKey,nvarchar(200),Yes,Namespace for source IDs. Power BI uses tenant ID; Tableau uses site LUID. Resolves RegistryObject.NativeScopeKey.,"One source principal per platform instance, scope, identifier namespace, native ID, and extract."
Platform_Users,ObservedAt,datetimeoffset(7),Yes,Collection evidence time. Maps to ObservedWorkspace.ObservedAt and the extract dataset timestamp. Retain it for other snapshot rows through ExtractRun.,"One source principal per platform instance, scope, identifier namespace, native ID, and extract."
Platform_Users,NativePrincipalID,nvarchar(200),Yes,Exact source user or principal key. Keep blanks as unresolved evidence; never invent an ID.,"One source principal per platform instance, scope, identifier namespace, native ID, and extract."
Platform_Users,IdentifierNamespace,nvarchar(60),Yes,"Names the ID system, such as TableauUserLUID, PowerBIGraphID, PowerBIEmail, or AlteryxMongoUserID.","One source principal per platform instance, scope, identifier namespace, native ID, and extract."
Platform_Users,PrincipalTypeCode,nvarchar(30),Yes,"User, Group, App, or Unknown. Nonhuman principals do not automatically match a person.","One source principal per platform instance, scope, identifier namespace, native ID, and extract."
Platform_Users,DisplayName,nvarchar(200),No,Source person or principal label. Never use it as a match key.,"One source principal per platform instance, scope, identifier namespace, native ID, and extract."
Platform_Users,SourceLogin,nvarchar(320),No,Original platform login. It may differ from email or user principal name.,"One source principal per platform instance, scope, identifier namespace, native ID, and extract."
Platform_Users,SourceEmail,nvarchar(320),No,Explicit email returned by the platform. Keep the raw value.,"One source principal per platform instance, scope, identifier namespace, native ID, and extract."
Platform_Users,SourceStatus,nvarchar(500),No,Native role or account flags as a labeled source value. This is not corporate directory status.,"One source principal per platform instance, scope, identifier namespace, native ID, and extract."
Platform_Users,SourceDirectoryObjectID,nvarchar(200),No,"Directory object ID explicitly supplied by the source, when documented. Do not infer from GUID shape.","One source principal per platform instance, scope, identifier namespace, native ID, and extract."
Platform_Users,DirectoryTenantKey,nvarchar(200),Yes,Configured corporate directory tenant used for the email match.,"One source principal per platform instance, scope, identifier namespace, native ID, and extract."
Platform_Users,NativeRepositoryID,nvarchar(200),No,"Alternate repository key, such as Tableau users.id. This does not replace the primary native key.","One source principal per platform instance, scope, identifier namespace, native ID, and extract."
Directory_Users,RunKey,uniqueidentifier,Yes,Existing delivery key for the directory extract. Retain its existing run manifest.,"One directory user per tenant, object ID, and directory extract. Include enabled and disabled users."
Directory_Users,DirectoryTenantKey,nvarchar(200),Yes,Corporate directory tenant. Select this tenant when comparing platform email.,"One directory user per tenant, object ID, and directory extract. Include enabled and disabled users."
Directory_Users,DirectoryObjectID,nvarchar(200),Yes,Microsoft Entra user object ID from Graph id. Preserve as text.,"One directory user per tenant, object ID, and directory extract. Include enabled and disabled users."
Directory_Users,DisplayName,nvarchar(200),No,Directory label. Never match people using this field.,"One directory user per tenant, object ID, and directory extract. Include enabled and disabled users."
Directory_Users,Mail,nvarchar(320),No,Graph mail property. This is the agreed email match field.,"One directory user per tenant, object ID, and directory extract. Include enabled and disabled users."
Directory_Users,UserPrincipalName,nvarchar(320),No,Graph userPrincipalName. Keep separate from mail; do not silently use it as an email fallback.,"One directory user per tenant, object ID, and directory extract. Include enabled and disabled users."
Directory_Users,AccountEnabled,bit,No,"Graph accountEnabled: 1 enabled, 0 disabled, blank unknown. This does not establish employment status.","One directory user per tenant, object ID, and directory extract. Include enabled and disabled users."
Directory_Users,ObservedAt,datetimeoffset(7),Yes,Existing UTC evidence timestamp for this directory snapshot.,"One directory user per tenant, object ID, and directory extract. Include enabled and disabled users."
Object_Users,RunKey,uniqueidentifier,Yes,Platform team's correlation key for this delivery. Registry ingestion maps it to ExtractRunID; it is not automatically the registry UUID.,One observed workspace or asset relationship to a source principal and role. Keep unresolved links.
Object_Users,PlatformCode,nvarchar(30),Yes,"PowerBI, Tableau, or Alteryx. Resolve through the configured platform lookup.",One observed workspace or asset relationship to a source principal and role. Keep unresolved links.
Object_Users,PlatformInstanceKey,nvarchar(200),Yes,Stable tenant or server/site scope key. Resolves PlatformInstance.NativeInstanceKey. Never use a mutable display name.,One observed workspace or asset relationship to a source principal and role. Keep unresolved links.
Object_Users,NativeScopeKey,nvarchar(200),Yes,Namespace for source IDs. Power BI uses tenant ID; Tableau uses site LUID. Resolves RegistryObject.NativeScopeKey.,One observed workspace or asset relationship to a source principal and role. Keep unresolved links.
Object_Users,ObservedAt,datetimeoffset(7),Yes,Collection evidence time. Maps to ObservedWorkspace.ObservedAt and the extract dataset timestamp. Retain it for other snapshot rows through ExtractRun.,One observed workspace or asset relationship to a source principal and role. Keep unresolved links.
Object_Users,NativeObjectType,nvarchar(50),Yes,"Exact source object type, such as Project, Workbook, Report, Dataset, Collection, or Workflow.",One observed workspace or asset relationship to a source principal and role. Keep unresolved links.
Object_Users,NativeObjectID,nvarchar(200),Yes,"Native workspace or asset key. Resolve with platform, instance, scope, and type.",One observed workspace or asset relationship to a source principal and role. Keep unresolved links.
Object_Users,ObjectDisplayName,nvarchar(200),No,Source object label for review.,One observed workspace or asset relationship to a source principal and role. Keep unresolved links.
Object_Users,PrincipalRoleCode,nvarchar(40),Yes,"TechnicalOwner, CreatedBy, ModifiedBy, or Access. Technical ownership is separate from business ownership.",One observed workspace or asset relationship to a source principal and role. Keep unresolved links.
Object_Users,SourcePrincipalReference,nvarchar(200),No,"Unchanged owner, author, modifier, or access reference returned by the source.",One observed workspace or asset relationship to a source principal and role. Keep unresolved links.
Object_Users,SourceReferenceNamespace,nvarchar(60),No,"Namespace of the original reference, such as TableauRepositoryUserID.",One observed workspace or asset relationship to a source principal and role. Keep unresolved links.
Object_Users,NativePrincipalID,nvarchar(200),No,Matched key from Platform_Users after the platform-side join. Blank remains unresolved.,One observed workspace or asset relationship to a source principal and role. Keep unresolved links.
Object_Users,IdentifierNamespace,nvarchar(60),No,Namespace of NativePrincipalID; must equal the matched Platform_Users namespace.,One observed workspace or asset relationship to a source principal and role. Keep unresolved links.
Object_Users,NativeRole,nvarchar(100),No,"Unchanged native permission or role, when this is an Access relationship.",One observed workspace or asset relationship to a source principal and role. Keep unresolved links.
Object_Users,SourceEmail,nvarchar(320),No,Raw platform email associated with this relationship when exposed.,One observed workspace or asset relationship to a source principal and role. Keep unresolved links.
Object_Users,SourceReferenceStatusCode,nvarchar(40),Yes,"ReadyForEmailMatch, MissingSourceReference, UnresolvedUserReference, MissingEmail, or UnverifiedMapping.",One observed workspace or asset relationship to a source principal and role. Keep unresolved links.
